"","title","release_date","us_distributor","video_id","Unnamed..0","year"
"1","Old Man & The Gun, The","2019-01-03","Fox Searchlight","d7rlUe-Thvk",NA,2019
"2","Holmes And Watson","2019-01-03","Sony","brjkpRBpFnc",NA,2019
"3","Kindergarten Teacher, The","2019-01-03","","S7Tpamr2P4w",NA,2019
"4","Here And Now (2018)","2019-01-03","Independent","TOWhOVx8IMI",NA,2019
"5","Escape Room","2019-01-10","Sony","6dSKUoV0SNI",NA,2019
"6","On The Basis Of Sex","2019-01-10","Focus Features","28dHbIR_NB4",NA,2019
"7","Vox Lux","2019-01-10","Neon Rated","-y4ti900jog",NA,2019
"8","Once Upon A Deadpool","2019-01-10","20th Century Fox","PCf03KXyzIg",NA,2019
"9","Glass","2019-01-17","Universal","95ghQs5AmNk",NA,2019
"10","Green Book","2019-01-24","Universal","QkZxoko_HC0",NA,2019
"11","Instant Family","2019-01-24","Paramount","IUfZq3DUd3Y",NA,2019
"12","Serenity","2019-01-24","Aviron Pictures","k3zMlsEK8xA",NA,2019
"13","Mule, The","2019-01-31","Warner Bros.","N_QksSzK7sI",NA,2019
"14","Upside, The","2019-01-31","STX Entertainment","EWw7rCHcduQ",NA,2019
"15","At Eternity's Gate","2019-01-31","CBS Films","T77PDm3e1iE",NA,2019
"16","Destroyer","2019-01-31","Annapurna Pictures","u7RdFFk7980",NA,2019
"17","Cold Pursuit","2019-02-07","Lionsgate","0phuNQQ_gHI",NA,2019
"18","Favourite, The","2019-02-07","Fox Searchlight","SYb-wkehT1g",NA,2019
"19","Possession Of Hannah Grace, The","2019-02-07","Sony","RHAgri92JP8",NA,2019
"20","Alita: Battle Angel","2019-02-14","20th Century Fox","w7pYhpJaJW8",NA,2019
"21","Vice","2019-02-14","Annapurna Pictures","g09a9laLh0k",NA,2019
"22","Happy Death Day 2U","2019-02-14","Universal","MT9MBytHuOI",NA,2019
"23","How To Train Your Dragon: The Hidden World","2019-02-21","Universal","22w7z_lT6YM",NA,2019
"24","If Beale Street Could Talk","2019-02-21","Annapurna Pictures","N4m3t3G3Zqc",NA,2019
"25","Sisters Brothers, The","2019-02-21","Annapurna Pictures","3OwvqKwTKmE",NA,2019
"26","Lego Movie 2: The Second Part, The","2019-02-28","Warner Bros.","cksYkEzUa7k",NA,2019
"27","Prodigy, The","2019-02-28","Orion Pictures","BC4cyYRxjFk",NA,2019
"28","Backtrace","2019-02-28","Lionsgate Premiere Releasing","af-tf7i6d6s",NA,2019
"29","Captain Marvel","2019-03-07","Disney","rryMP7aJ12o",NA,2019
"30","Drunk Parents","2019-03-07","Vertical Entertainment","6XdkzKSCcU4",NA,2019
"31","Replicas","2019-03-14","Entertainment Studios Motion Pictures","bKdpGHazAqs",NA,2019
"32","Us (2019)","2019-03-21","Universal","hNCmb-4oXJA",NA,2019
"33","Dumplin","2019-03-21","","k86KDFh_q6E",NA,2019
"34","Kid Like Jake, A","2019-03-21","IFC Films","VTMGI2s5VNs",NA,2019
"35","Dumbo","2019-03-28","Disney","7NiYVoqBt-8",NA,2019
"36","Triple Threat (2019)","2019-03-28","Well Go USA, Inc.","DovnHrIwfTY",NA,2019
"37","Destination Wedding","2019-03-28","Independent","6mrA5ESIbOU",NA,2019
"38","Captive State","2019-03-28","Focus Features","i68xCzI406A",NA,2019
"39","Shazam!","2019-04-04","Warner Bros.","go6GEIrcvFY",NA,2019
"40","Pet Sematary","2019-04-04","Paramount","VllcgXSIJkE",NA,2019
"41","Piercing","2019-04-04","Greenwich Entertainment","T1fJqA1JuYk",NA,2019
"42","After (2019)","2019-04-11","Aviron Pictures","g99KPOpqZ4Q",NA,2019
"43","Wonder Park","2019-04-11","Paramount","VML6rQWssSk",NA,2019
"44","Hellboy","2019-04-11","Lionsgate","dt5g5_1cKVk",NA,2019
"45","Greta (2019)","2019-04-11","Focus Features","WAEoJkL_8zU",NA,2019
"46","Curse Of La Llorona, The","2019-04-18","Warner Bros.","uOV-xMYQ7sk",NA,2019
"47","Aftermath, The","2019-04-18","Fox Searchlight","FPv3e2FZOgo",NA,2019
"48","Missing Link","2019-04-18","United Artists Releasing","7UalKq-DSXI",NA,2019
"49","Avengers: Endgame","2019-04-25","Disney","-9hhb3M6c1A",NA,2019
"50","Teen Spirit","2019-04-25","Bleecker Street","CkA6DpQEKTU",NA,2019
"51","Long Shot (2019)","2019-05-01","Lionsgate","ZKsc2I4Tgsk",NA,2019
"52","Pokemon Detective Pikachu","2019-05-09","Warner Bros.","1roy4o4tqQM",NA,2019
"53","Breakthrough (2019)","2019-05-09","20th Century Fox","go1jaIRQc-o",NA,2019
"54","Intruder, The (2019)","2019-05-09","Sony","aKXvex7b1Ew",NA,2019
"55","We Die Young","2019-05-09","Independent","wTd1RIOb-uU",NA,2019
"56","Beach Bum, The","2019-05-09","Neon Rated","qSALRP1mZNQ",NA,2019
"57","John Wick: Chapter 3 - Parabellum (2019)","2019-05-16","Lionsgate","M7XM597XO94",NA,2019
"58","Fighting With My Family","2019-05-16","MGM","WqF3VTv0cqU",NA,2019
"59","Extremely Wicked, Shockingly Evil and Vile","2019-05-16","","mdMtnvMJcDA",NA,2019
"60","Dog's Journey, A","2019-05-16","Universal","A2FrrSyyKfA",NA,2019
"61","Brightburn","2019-05-23","Sony","g6eB0JT1DI4",NA,2019
"62","Kid, The","2019-05-23","Lionsgate","qpMyCaQGlqU",NA,2019
"63","Godzilla: King Of The Monsters (2019)","2019-05-30","Warner Bros.","QFxN2oDKk0E",NA,2019
"64","Rocketman","2019-05-30","Paramount","S3vO8E2e6G0",NA,2019
"65","Poison Rose, The","2019-05-30","Independent","P6So71lcVdI",NA,2019
"66","Haunting Of Sharon Tate, The","2019-05-30","Independent","ICVydsoFTTk",NA,2019
"67","Rape of Recy Taylor, The","2019-05-30","The Orchard","SCEfwSNv9v8",NA,2019
"68","Don't Let Go","2019-06-04","OTL Releasing","P8PS_tF-3T8",NA,2019
"69","Secret Life Of Pets 2, The","2019-06-06","Universal","mYocfuqu2A8",NA,2019
"70","Dark Phoenix","2019-06-06","20th Century Fox","1-q8C_c-nlM",NA,2019
"71","Men In Black International","2019-06-13","Sony","BV-WEb2oxLk",NA,2019
"72","Poms","2019-06-13","STX Entertainment","-9PypHxfY_M",NA,2019
"73","Hustle, The","2019-06-20","United Artists Releasing","_j5hwooOHVE",NA,2019
"74","Dead Don't Die, The","2019-06-20","Focus Features","bs5ZOcU6Bnw",NA,2019
"75","Pavarotti","2019-06-20","CBS Films","CnPPrjwyLW8",NA,2019
"76","Vigilante, A","2019-06-20","Independent","XWIL6qaG-p8",NA,2019
"77","Toy Story 4","2019-06-27","Disney","wmiIUN-7qhE",NA,2019
"78","Annabelle Comes Home","2019-06-27","Warner Bros.","bCxm7cTpBAs",NA,2019
"79","Spider-Man: Far From Home","2019-07-04","Sony","Nt9L1jCKGnE",NA,2019
"80","Escape Plan 3: The Extractors","2019-07-04","","jjezXlAefFQ",NA,2019
"81","Sun Is Also A Star, The","2019-07-04","Warner Bros.","3On0BXzGnuI",NA,2019
"82","Stuber","2019-07-11","20th Century Fox","i5l6a5RiR1E",NA,2019
"83","Crawl","2019-07-11","Paramount","H6MLJG0RdDE",NA,2019
"84","Dragged Across Concrete","2019-07-11","Lionsgate Premiere Releasing","2p5pdWyyZoc",NA,2019
"85","Her Smell","2019-07-11","Gunpowder & Sky","I0jtKmdlGVY",NA,2019
"86","Lion King, The","2019-07-18","Disney","7TavVZMewpY",NA,2019
"87","Child's Play","2019-07-18","United Artists Releasing","ZFy8ZgLd574",NA,2019
"88","Fast & Furious Presents: Hobbs & Shaw","2019-08-01","Universal","HZ7PAyCDwEg",NA,2019
"89","Uglydolls","2019-08-01","STX Entertainment","qqlEGYo0xCA",NA,2019
"90","Professor, The","2019-08-01","Independent","IThXCpk3Oc4",NA,2019
"91","Scary Stories To Tell In The Dark","2019-08-08","Lionsgate","Vlya92LZqZw",NA,2019
"92","Kitchen, The (2019)","2019-08-08","Warner Bros.","8BUgeJL0qD8",NA,2019
"93","Stockholm (2019)","2019-08-08","Smith Global Media","Hna6_rWLXAQ",1,2019
"94","Malicious (2018)","2019-08-08","Vertical Entertainment","OWCXSq61iMI",3,2019
"95","Once Upon A Time In Hollywood","2019-08-15","Sony","ELeMaP8EPAA",4,2019
"96","Booksmart","2019-08-15","United Artists Releasing","S0Mb6BgnhS0",6,2019
"97","Night Hunter","2019-08-15","Independent","Rh7ZsUVCrpM",7,2019
"98","Angel Has Fallen","2019-08-22","Lionsgate","XF8h3hOGBJM",8,2019
"99","Ready Or Not","2019-08-22","Fox Searchlight","ZtYTwUxhAoI",9,2019
"100","Good Boys","2019-08-22","Universal","zPXqwAGmX04",10,2019
"101","47 Meters Down: Uncaged","2019-08-29","Entertainment Studios Motion Pictures","zF3lM_EPh2U",11,2019
"102","Art Of Racing In The Rain, The","2019-08-29","20th Century Fox","Dp2ufFO4QGg",12,2019
"103","Peanut Butter Falcon, The","2019-08-29","Roadside Attractions","UNl9RqjLCwc",13,2019
"104","IT Chapter Two","2019-09-05","Warner Bros.","xhJ5P7Up3jA",14,2019
"105","Killerman","2019-09-05","Blue Fox Entertainment","i5niXDUtGEM",15,2019
"106","Goldfinch, The","2019-09-12","Warner Bros.","IcG06hZooHM",16,2019
"107","Ad Astra","2019-09-19","20th Century Fox","P6AaSMfXHbA",18,2019
"108","Charlie Says","2019-09-19","IFC Films","KPSKkxTQFEU",19,2019
"109","Rambo: Last Blood","2019-09-26","Lionsgate","4vWg5yJuWfs",20,2019
"110","Hustlers","2019-09-26","STX Entertainment","P_dfc0iqmig",21,2019
"111","Midsommar","2019-09-26","A24","1Vnghdsjmd0",22,2019
"112","Joker","2019-10-03","Warner Bros.","zAGVQLHvwOY",24,2019
"113","Playmobil: The Movie","2019-10-03","STX Entertainment","xgyP9GG9Ecw",25,2019
"114","Skin","2019-10-03","A24","a3CGU9pqMQU",26,2019
"115","Gemini Man","2019-10-10","Paramount","AbyJignbSj0",28,2019
"116","Current War, The","2019-10-10","Independent","kue18AxK1tU",29,2019
"117","Maleficent: Mistress Of Evil","2019-10-17","Disney","yL1f8yNxGBk",31,2019
"118","After The Wedding","2019-10-17","Sony Pictures Classics","22pa0wpGa9Q",33,2019
"119","10 Minutes Gone","2019-10-17","Independent","6TNFcyEN-3w",34,2019
"120","Mutant Blast","2019-10-17","Troma Entertainment","al2ZhJzK1FU",36,2019
"121","Rainy Day in New York, A","2019-10-24","MPI Media","yIVRldiVDL8",37,2019
"122","Zombieland: Double Tap","2019-10-24","Sony","ZlW9yhUKlkQ",38,2019
"123","Angel Of Mine","2019-10-24","Independent","G1BD8EgwmPA",39,2019
"124","Apollo 11","2019-10-24","Neon Rated","3Co8Z8BQgWc",40,2019
"125","Terminator: Dark Fate","2019-10-31","Paramount","oxy8udgWRmo",42,2019
"126","Addams Family, The","2019-10-31","United Artists Releasing","c95edsw17QE",43,2019
"127","Doctor Sleep","2019-10-31","Warner Bros.","BOzFZxB-8cw",44,2019
"128","Midway","2019-11-07","Lionsgate","l9laReRAYFk",46,2019
"129","Playing With Fire","2019-11-07","Paramount","fd5GlZUpfaM",47,2019
"130","Countdown (2019)","2019-11-07","STX Entertainment","S6O4iy3Twwo",48,2019
"131","Light Of My Life","2019-11-07","Independent","PoHADU7Oe-g",49,2019
"132","Ford v. Ferrari","2019-11-14","20th Century Fox","zyYgDtY2AMY",2,2019
"133","Motherless Brooklyn","2019-11-14","Warner Bros.","Fru8IkuDp_k",3,2019
"134","Frozen 2 (2019)","2019-11-21","Disney","Zi4LMpSDccc",4,2019
"135","Knives Out","2019-11-28","Lionsgate","qGqiHJTsRkQ",7,2019
"136","Charlie's Angels","2019-11-28","Sony","RSUq4VfWfjE",8,2019
"137","Where'd You Go Bernadette","2019-11-28","United Artists Releasing","Em1onUCArxs",9,2019
"138","Last Christmas","2019-12-05","Universal","z9CEIcmWmtA",10,2019
"139","Aeronauts, The","2019-12-05","Independent","Rm4VnwCtQO8",11,2019
"140","Jumanji: The Next Level","2019-12-12","Sony","rBxcF-r9Ibs",12,2019
"141","21 Bridges","2019-12-12","STX Entertainment","BVZDhunTrYA",13,2019
"142","Star Wars: The Rise Of Skywalker","2019-12-19","Disney","NmS9ZX9O5bw",14,2019
"143","Can You Keep A Secret?","2019-12-19","Vertical Entertainment","3IM1vSNJw3Y",15,2019
"144","Murder Of Nicole Brown Simpson, The","2019-12-19","Independent","txkFJoFQjAE",17,2019
"145","Spies In Disguise","2019-12-25","20th Century Fox","9eY2W7uUkDE",18,2019
"146","Jexi","2019-12-25","Lionsgate","8UqXUwgl15k",19,2019
"147","Cats","2019-12-26","Universal","FtSd844cI7U",20,2019
"148","Grudge, The","2020-01-01","Sony","O2NKzO-fxwQ",21,2020
"149","Richard Jewell","2020-01-02","Warner Bros.","gSMxBLlA8qY",22,2020
"150","Plus One","2020-01-02","RLJ Entertainment","RZSeK851vZY",23,2020
"151","Dark Waters","2020-01-09","Focus Features","RvAOuhyunhY",25,2020
"152","Primal","2020-01-09","Independent","MLSaNBuKOXk",26,2020
"153","Farewell, The","2020-01-09","A24","RofpAjqwMa8",27,2020
"154","Bad Boys For Life","2020-01-16","Sony","jKCj3XuPG8M",28,2020
"155","Dolittle","2020-01-16","Universal","FEf412bSPLs",29,2020
"156","Just Mercy","2020-01-16","Warner Bros.","GVQbeG5yW78",30,2020
"157","1917","2020-01-23","Universal","YqNYrYUiMfg",31,2020
"158","Bombshell","2020-01-23","Lionsgate","0rBnkBIhoFE",32,2020
"159","Disturbing The Peace","2020-01-23","Momentum Pictures","NVYPYwHYeyc",33,2020
"160","Wedding Year, The","2020-01-23","Entertainment Studios Motion Pictures","qp9sbE8-1y8",34,2020
"161","Little Women","2020-01-30","Sony","AST2-4db4ic",35,2020
"162","Jojo Rabbit","2020-01-30","Fox Searchlight","tL4McUzXfFI",36,2020
"163","Turning, The","2020-01-30","Universal","rl33gU2APIs",37,2020
"164","Birds Of Prey (And The Fantabulous Emancipation Of One Harley Quinn)","2020-02-06","Warner Bros.","kGM4uYZzfu0",38,2020
"165","Lying And Stealing","2020-02-06","Vertical Entertainment","mKXa10VDQj4",39,2020
"166","Bigger","2020-02-06","Freestyle Releasing","QbTJiAKvww0",41,2020
"167","Sonic The Hedgehog","2020-02-13","Paramount","szby7ZHLnkA",42,2020
"168","Blumhouse's Fantasy Island","2020-02-13","Sony","a6O30nJ02PU",43,2020
"169","Lighthouse, The (2019)","2020-02-14","A24","Hyag7lR8CPA",44,2020
"170","Call of the Wild, The","2020-02-20","20th Century Fox","5P8R2zAhEwg",45,2020
"171","Gretel And Hansel","2020-02-20","United Artists Releasing","QZblQLhKcZQ",46,2020
"172","Trauma Center","2020-02-20","Independent","Y2DrOhVpPZo",47,2020
"173","Gentlemen, The","2020-02-27","STX Entertainment","Ify9S7hj480",48,2020
"174","Brahms: The Boy II","2020-02-27","STX Entertainment","ytxEldPKnyA",49,2020
"175","Like A Boss","2020-02-27","Paramount","9ESkyRFEso4",50,2020
"176","Onward","2020-03-05","Disney","gn5QmllRCn4",1,2020
"177","Invisible Man, The (2020)","2020-03-05","Universal","dSBsNeYqh-k",2,2020
"178","I See You (2019)","2020-03-05","Independent","1z3bGnYhMis",3,2020
"179","Last Full Measure, The","2020-03-05","Roadside Attractions","Go8zI2sytEc",4,2020
"180","Wolf Hour, The","2020-03-06","Brainstorm Media","SPtqP0-zG64",5,2020
"181","Bloodshot","2020-03-12","Sony","vOUVVDWdXbo",6,2020
"182","Way Back, The (2020)","2020-03-12","Warner Bros.","VzNJVSsjE-I",7,2020
"183","Galveston","2020-03-12","RLJ Entertainment","Hfdxq5eLrxM",9,2020
"184","My Spy","2020-06-10","Independent","pfAhQSz-j_o",11,2020
"185","Give Me Liberty","2020-06-11","Music Box Film","cuU4k3P6YCA",12,2020
"186","Night Clerk, The","2020-07-02","Independent","8j6wDoyiyd4",14,2020
"187","Survive The Night","2020-07-09","","TfTNGqXBwHY",15,2020
"188","Burden (2020)","2020-07-09","101 Studios","DSLhLfAnVd8",16,2020
"189","Burnt Orange Heresy, The","2020-07-09","Sony Pictures Classics","6PMAlfrdQNI",17,2020
"190","Arkansas","2020-07-16","Independent","2oDRSS67Ohw",18,2020
"191","Becky","2020-07-23","Amor Media","5-j5HtaOSjA",19,2020
"192","Ophelia","2020-07-23","IFC Films","WU1uwl9cniw",20,2020
"193","Capone","2020-07-30","","2J5OE16C_zY",21,2020
"194","Think Like A Dog","2020-07-30","","s3_5WZSOsn8",22,2020
"195","Outpost, The (2020)","2020-08-06","Screen Media Films","f4LM9a02q9Q",24,2020
"196","High Note, The (2020)","2020-08-06","Focus Features","cy8lUfePOZs",25,2020
"197","Endless","2020-08-13","","FTzU_zByE3Y",27,2020
"198","Secret: Dare To Dream, The","2020-08-20","Independent","Mf3-oCDdTzQ",29,2020
"199","Force Of Nature (2020)","2020-08-20","Independent","d61GX5VoEJc",30,2020
"200","I Still Believe","2020-08-20","Lionsgate","7Za7-Q8YURM",31,2020
"201","King of Staten Island, The","2020-08-20","","azkVr0VUSTA",32,2020
"202","Tenet","2020-08-26","Warner Bros.","L3pk_TBkihU",33,2020
"203","New Mutants, The","2020-08-26","20th Century Fox","W_vJhUAOFpI",34,2020
"204","After We Collided","2020-09-02","Open Road/Briarcliff","ndyVh4GFMw0",35,2020
"205","Unhinged","2020-09-10","Solstice Studios","vdxDXoODKN8",37,2020
"206","Rental, The","2020-09-17","IFC Films","MGdcTUMGxB0",38,2020
"207","Greenland","2020-09-24","","1AyxdYP1SNc",39,2020
"208","Broken Hearts Gallery, The","2020-09-24","Sony","7aokhRzwlJI",40,2020
"209","Antebellum","2020-10-01","","7MPib67BDHY",41,2020
"210","Inheritance (2020)","2020-10-08","","3q7JOLZxjqY",42,2020
"211","Ava","2020-10-22","Vertical Entertainment","ozUuAcGOhPs",43,2020
"212","Bill & Ted Face The Music","2020-10-22","United Artists Releasing","0hAL7emClFM",44,2020
"213","Honest Thief","2020-10-29","Open Road/Briarcliff","jG1X67vnYM0",45,2020
"214","Come Play","2020-10-29","Focus Features","LQwiqhdMQ7g",47,2020
"215","Witches, The","2020-10-29","Warner Bros.","9nlhmJF5FNI",48,2020
"216","Craft: Legacy, The","2020-10-29","","J60ueFp-jv8",49,2020
"217","Superintelligence","2020-12-03","Independent","XN6JawOGvpM",50,2020
"218","Jiu Jitsu","2020-12-10","Variance Films","ywhTeWg8970",51,2020
"219","Wonder Woman 1984","2020-12-16","Warner Bros.","sfM7_JLk-84",53,2020
"220","Follow Me","2020-12-23","Vertical Entertainment","IAUeZAO-Klw",55,2020
"221","Love, Weddings & Other Disasters","2020-12-30","Eammon Films","GkKenPum1ts",56,2020
"222","Fatman","2021-01-07","Eammon Films","y2IDILXUE-k",57,2021
"223","Nomadland","2021-04-19","Fox Searchlight","6sxCFZ8_d84",58,2021
"224","Raya And The Last Dragon","2021-04-19","Disney","1VIZ89FEjYI",59,2021
"225","Mortal Kombat","2021-04-19","Warner Bros.","NYH2sLid0Zc",60,2021
"226","Music (Event)","2021-04-19","Imax","OnbIZM0KKq0",61,2021
"227","Tom & Jerry","2021-05-06","Warner Bros.","kP9TfCWaQT4",62,2021
"228","Godzilla vs. Kong","2021-05-06","Warner Bros.","odM92ap8_c0",63,2021
"229","Unholy, The","2021-05-06","Sony","NmQiJPLYzPI",64,2021
"230","Promising Young Woman","2021-05-06","Focus Features","7i5kiFDunk8",65,2021
"231","No Man's Land (2020)","2021-05-06","IFC Films","hMMD7J73oS8",66,2021
"232","Spiral (dir. Bousman)","2021-05-13","Lionsgate","",67,2021
"233","Monster Hunter","2021-05-13","Sony","3od-kQMTZ9M",68,2021
"234","Those Who Wish Me Dead","2021-05-13","Warner Bros.","sV6VNNjBkcE",69,2021
"235","Minari","2021-05-13","A24","KQ0gFidlro8",70,2021
"236","Friendsgiving","2021-05-13","Eammon Films","Hf-efq9o3Nk",71,2021
"237","Peter Rabbit 2: The Runaway","2021-05-20","Sony","euGHcnyUo84",72,2021
"238","Wrath Of Man","2021-05-20","United Artists Releasing","EFYEni2gsK0",73,2021
"239","United States vs. Billie Holiday, The","2021-05-20","","USi-ppCfxEA",74,2021
"240","Cruella","2021-05-27","Disney","gmRKv7n2If8",75,2021
"241","Quiet Place Part II, A","2021-05-27","Paramount","BpdDN9d9Jio",76,2021
"242","Nobody","2021-05-27","Universal","-5X2pt95cIo",77,2021
"243","Blackbird (2020)","2021-05-27","Fathom Entertainment","I9kb6ZJre78",78,2021
"244","Tesla","2021-05-27","IFC Films","e4U-23TOKms",79,2021
"245","Conjuring: The Devil Made Me Do It, The","2021-06-03","Warner Bros.","h9Q4zZS2v1k",80,2021
"246","Spirit Untamed","2021-06-03","Universal","9jG1nnQGpdI",81,2021
"247","Vanquish","2021-06-03","Independent","fUElfp3DJ5Y",82,2021
"248","Synchronic","2021-06-03","Well Go USA, Inc.","eLkbgpEQ14U",83,2021
"249","Chaos Walking","2021-06-10","Lionsgate","nRf4ZgzHoVw",86,2021
"250","In the Heights","2021-06-10","Warner Bros.","U0CL-ZSuCrQ",87,2021
"251","Marksman, The","2021-06-10","Open Road/Briarcliff","lEBPNi4bEbc",88,2021
"252","Hitman's Wife's Bodyguard, The","2021-06-17","Lionsgate","9C0l31YcahQ",91,2021
"253","F9 The Fast Saga","2021-06-24","Universal","PC5blZ9n810",94,2021
"254","Croods: A New Age, The","2021-07-01","Universal","XUN5EEDwHcI",97,2021
"255","Ice Road, The","2021-07-01","","-zjikObAJHk",98,2021
"256","First Cow","2021-07-01","A24","SRUWVT87mt8",99,2021
"257","Four Good Days","2021-07-01","Vertical Entertainment","uDDCulgiqs4",100,2021
"258","Stand-In, The","2021-07-01","Eammon Films","b0ZKeBUUtr0",1,2021
"259","Black Widow","2021-07-08","Disney","M3khLMdKJIU",2,2021
"260","Every Breath You Take","2021-07-08","Vertical Entertainment","9dMHedhCYOI",3,2021
"261","Escape Room: Tournament of Champions","2021-07-15","Sony","KlfUbZJVInA",4,2021
"262","Space Jam: A New Legacy","2021-07-15","Warner Bros.","olXYZOsXw_o",5,2021
"263","Gunpowder Milkshake","2021-07-15","Netflix","H7ZrjXuNgmA",6,2021
"264","Snake Eyes","2021-07-22","Paramount","Vd2sm63Xwfw",7,2021
"265","Comeback Trail, The","2021-07-22","PRJKTD","H9aJATnSseo",8,2021
"266","Jungle Cruise","2021-07-29","Disney","f_HvoipFcA8",10,2021
"267","Old","2021-07-29","Universal","A4U2pMRV9_k",11,2021
"268","Suicide Squad, The","2021-08-05","Warner Bros.","JuDLepNa7hw",13,2021
"269","To the Stars (dir. Stephens)","2021-08-05","","T5OhkFY1PQE",14,2021
"270","Above Suspicion","2021-08-05","Independent","5hta-4X7Z50",15,2021
"271","Respect","2021-08-12","United Artists Releasing","qTtxoz3OIlU",17,2021
"272","Don't Breathe 2","2021-08-12","Sony","gRbG2tjHYCA",18,2021
"273","Boss Level","2021-08-12","Independent","PGHD0bqjZWQ",19,2021
"274","Echo Boomers","2021-08-12","Eammon Films","8CJivh4gr-Q",20,2021
"275","Free Guy","2021-08-19","20th Century Studios","X2m-08cOAbc",22,2021
"276","Paw Patrol: The Movie","2021-08-19","Paramount","LRMTr2VZcr8",23,2021
"277","Reminiscence","2021-08-19","Warner Bros.","_BggT--yxf0",24,2021
"278","Barb And Star Go To Vista del Mar","2021-08-19","","yvmDgXfYPbA",25,2021
"279","Candyman","2021-08-26","Universal","tlwzuZ9kOQU",28,2021
"280","Protege, The","2021-08-26","Lionsgate","fSqa0a3mGk8",29,2021
"281","Queenpins","2021-08-26","STX Entertainment","v90YxH6lR_8",30,2021
"282","Shang-Chi and the Legend of the Ten Rings","2021-09-02","Disney","8YjFbMbfXaQ",31,2021
"283","After We Fell (Event)","2021-09-02","Fathom Entertainment","SLdPPObqlmc",32,2021
"284","Come Away","2021-09-02","Relativity UV","9PpfMd5x3pk",33,2021
"285","Malignant","2021-09-09","Warner Bros.","Gczt0fhawDs",34,2021
"286","Rock Dog 2: Walk Around the Park","2021-09-09","","UoYB1Zn6lR4",35,2021
"287","Green Knight, The","2021-09-09","A24","sS6ksY8xWCY",36,2021
"288","What Is Life Worth","2021-09-09","","1dENT2CRCKo",37,2021
"289","Cry Macho","2021-09-16","Warner Bros.","JVc8SI5CAKw",38,2021
"290","Midnight in the Switchgrass","2021-09-16","Independent","1pNN66fRumw",39,2021
"291","Dreamland (2020)","2021-09-16","Vertical Entertainment","agn4t4SOB_0",40,2021
"292","Till Death","2021-09-23","Screen Media Films","Wfmb1-UEpW4",41,2021
"293","Copshop","2021-09-23","Open Road/Briarcliff","ezHiQwwzEjU",42,2021
"294","No Time To Die","2021-09-30","United Artists Releasing","BIhNsAtPbPI",43,2021
"295","Songbird","2021-09-30","","IgxXSfto6Vo",44,2021
"296","Fatima","2021-10-07","Picturehouse Films","d1f_9_TGlpI",45,2021
"297","Misfits, The","2021-10-07","Paramount","lxhMLjt83KQ",46,2021
"298","Run","2021-10-07","Independent","0Dhh7q9Us5c",47,2021
"299","Flag Day","2021-10-07","United Artists Releasing","2D-3fxTLmS8",48,2021
"300","Venom: Let There Be Carnage","2021-10-14","Sony","-FmWuCgJmxo",50,2021
"301","Ron's Gone Wrong","2021-10-14","20th Century Studios","fCqGfjBSk0I",51,2021
"302","Dune","2021-10-21","Warner Bros.","n9xhJrPXop4",54,2021
"303","Halloween Kills","2021-10-21","Universal","hL6R3HmQfPc",55,2021
"304","Ailey","2021-10-21","Neon Rated","PHcM4HJEgs4",56,2021
"305","Addams Family 2, The","2021-10-28","United Artists Releasing","Kd82bSBDE84",57,2021
"306","Last Duel, The","2021-10-28","20th Century Studios","mgygUwPJvYk",58,2021
"307","Last Night In Soho","2021-10-28","Focus Features","AcVnFrxjPjI",59,2021
"308","Mercy Black","2021-10-28","","BQHcRb1DMsQ",60,2021
"309","Eternals","2021-11-04","Disney","G54feZ72tuk",61,2021
"310","Red Notice","2021-11-04","Netflix","Pj0wz7zu3Ms",63,2021
"311","French Dispatch, The","2021-11-11","Searchlight","TcPk2p0Zaw4",64,2021
"312","Antlers","2021-11-11","Searchlight","2aiYxwVuZ1o",65,2021
"313","Doorman, The","2021-11-11","Independent","pugLE1ifvbY",66,2021
"314","King Richard","2021-11-18","Warner Bros.","BKP_0z52ZAw",67,2021
"315","Card Counter, The","2021-11-18","Focus Features","7RvVT1cDiNc",68,2021
"316","Encanto","2021-11-25","Disney","CaimKeDcudo",69,2021
"317","House Of Gucci","2021-11-25","United Artists Releasing","pGi3Bgn7U5U",70,2021
"318","Ghostbusters: Afterlife","2021-11-25","Sony","ahZFCF--uRY",71,2021
"319","Sing 2","2021-12-01","Universal","EPZu5MA2uqI",72,2021
"320","West Side Story","2021-12-08","20th Century Studios","A5GJLwWiYSg",73,2021
"321","Pig","2021-12-08","Neon Rated","1i-_CRKdh4Y",74,2021
"322","Don't Look Up","2021-12-08","Netflix","RbIxYm3mKzI",75,2021
"323","Spider-Man: No Way Home","2021-12-16","Sony","JfVOs4VSpmA",78,2021
"324","Clifford The Big Red Dog","2021-12-16","Paramount","4zH5iYM4wJo",79,2021
"325","Matrix Resurrections, The","2021-12-22","Warner Bros.","9ix7TUGVYIo",80,2021
"326","King's Man, The","2021-12-22","20th Century Studios","5zdBG-iGfes",81,2021
"327","Hating Game, The","2022-01-06","Vertical Entertainment","j3qBGOD4b4A",83,2022
"328","Out of Death","2022-01-06","Vertical Entertainment","UlA_achIbk4",84,2022
"329","Scream","2022-01-20","Paramount","beToTslH17s",87,2022
"330","Penguin Bloom","2022-01-20","","q7eZEZHRrVg",89,2022
"331","Nightmare Alley","2022-01-27","Searchlight","Q81Yf46Oj3s",90,2022
"332","355, The","2022-01-27","Universal","SV0s2S9reT0",91,2022
"333","Swallow","2022-01-27","IFC Films","CUpMcNIY5ms",93,2022
"334","Moonfall","2022-02-03","Lionsgate","ivIwdQBlS10",98,2022
"335","Lost Daughter, The (2021)","2022-02-03","Netflix","xNq9YOfL0Zs",99,2022
"336","Boy Behind the Door, The","2022-02-03","","3HEmC-ASveA",100,2022
"337","Death on the Nile","2022-02-10","20th Century Studios","dZRqB0JLizw",2,2022
"338","Marry Me","2022-02-10","Universal","Ebv9_rNb5Ig",3,2022
"339","Uncharted","2022-02-17","Sony","eHp3MbsCbMg",5,2022
"340","Prisoners Of The Ghostland","2022-02-17","RLJ Entertainment","CeIfnDc0jvA",6,2022
"341","Cyrano","2022-02-24","United Artists Releasing","5e8apSFDXsQ",9,2022
"342","Batman, The","2022-03-03","Warner Bros.","mqqft2x_Aa4",11,2022
"343","Jackass Forever","2022-03-10","Paramount","FNq-QT2Jpng",12,2022
"344","Koati","2022-03-10","Independent","48yg4TFVIdI",13,2022
"345","Dog","2022-03-10","United Artists Releasing","V4tAtp-TyzQ",14,2022
"346","Desperate Hour, The","2022-03-10","Vertical Entertainment","kiwCH84GMhE",15,2022
"347","Ambulance","2022-03-17","Universal","7NU-STboFeI",16,2022
"348","X (2022)","2022-03-17","A24","Awg3cWuHfoc",17,2022
"349","Contractor, The","2022-03-24","Paramount","e7glvM8Xh0w",18,2022
"350","Georgetown","2022-03-24","Independent","-ch3BdXOgyc",19,2022
"351","Sonic The Hedgehog 2","2022-03-31","Paramount","G5kzUpWAusI",20,2022
"352","Morbius","2022-03-31","Sony","oZ6iiRrz1SY",21,2022
"353","Fantastic Beasts: The Secrets of Dumbledore","2022-04-07","Warner Bros.","Y9dr2zw-TXQ",23,2022
"354","Everything Everywhere All at Once","2022-04-07","A24","wxN1T1uxQ2g",24,2022
"355","Gasoline Alley","2022-04-07","Eammon Films","2H4Lfwc0U94",25,2022
"356","Mass","2022-04-07","Bleecker Street","oU56Ns1nXsE",26,2022
"357","Lost City, The","2022-04-14","Paramount","nfKO9rYDmE8",27,2022
"358","Demonic","2022-04-14","IFC Films","iIIiC4v7ON8",29,2022
"359","Northman, The","2022-04-21","Focus Features","oMSdFM12hOw",33,2022
"360","Unbearable Weight Of Massive Talent, The","2022-04-21","Lionsgate","CKTRbKch2K4",34,2022
"361","Dangerous (2021)","2022-04-28","Lionsgate Premiere Releasing","rFq52e7wYws",37,2022
"362","Seventh Day, The","2022-04-28","Vertical Entertainment","HJThAgic45Q",38,2022
"363","Fortress (2021)","2022-04-28","Lionsgate Premiere Releasing","GNGXauix9Mo",39,2022
"364","Doctor Strange in the Multiverse of Madness","2022-05-05","Disney","USBMj93ODog",41,2022
"365","Last Looks","2022-05-12","RLJ Entertainment","KvdfPq6HIzI",43,2022
"366","After Yang","2022-05-12","A24","Kwp32zLc08c",44,2022
"367","Memory (2022)","2022-05-19","Open Road/Briarcliff","yGw8yw6Mso8",46,2022
"368","Top Gun Maverick","2022-05-26","Paramount","qSqVVswa420",3,2022
"369","Jurassic World Dominion","2022-06-09","Universal","fb5ELWi-ekk",7,2022
"370","Elvis","2022-06-23","Warner Bros.","wBDLRvjHVOY",9,2022
"371","Black Phone, The","2022-06-23","Universal","3eGP6im8AZA",10,2022
"372","Deadlock (2021)","2022-06-23","Eammon Films","UoqRfsoa5c4",11,2022
"373","Minions: The Rise Of Gru","2022-06-30","Universal","CM-17oLBJ6U",12,2022
"374","Last Seen Alive","2022-06-30","Vertical Entertainment","5Gutb4hc5r4",13,2022
"375","Thor: Love And Thunder","2022-07-07","Disney","zXLCPzB3kZo",15,2022
"376","Gray Man, The","2022-07-14","Netflix","BmllggGO4pM",17,2022
"377","Black Site","2022-07-21","Vertical Entertainment","Gs9Z-XP57Hk",18,2022
"378","DC League of Super Pets","2022-07-28","Warner Bros.","1jkw2JPCl18",24,2022
"379","American Siege","2022-07-28","Vertical Entertainment","AdI6ea_0T0s",25,2022
"380","Book of Love","2022-07-28","","M_HTbI00qOU",26,2022
"381","Bullet Train","2022-08-04","Sony","0IOsk2Vlc4o",30,2022
"382","Men","2022-08-04","A24","pt81CJcWZy8",31,2022
"383","Easter Sunday","2022-08-04","Universal","YIixb42aJPg",32,2022
"384","Vigil, The","2022-08-11","IFC Films","YsMcckth7oU",34,2022
"385","Fortress: Sniper's Eye","2022-08-11","Lionsgate Premiere Releasing","uF4f_nlJpvY",35,2022
"386","Nope","2022-08-18","Universal","In8fuzj3gck",36,2022
"387","Blacklight","2022-08-18","Briarcliff","PE04ESdgnHI",37,2022
"388","After Ever Happy (Event)","2022-08-24","Fathom Entertainment","hLQ-5exgctI",44,2022
"389","Paradise Highway","2022-08-25","Lionsgate Premiere Releasing","zjv83li96BE",45,2022
"390","Beast","2022-09-01","Universal","oQMc7Sq36mI",46,2022
"391","Where The Crawdads Sing","2022-09-01","Sony","PY3808Iq0Tg",47,2022
"392","Ticket To Paradise","2022-09-15","Universal","hkP4tVTdsz8",1,2022
"393","Invitation, The","2022-09-15","Sony","5bL1ftuxgOE",2,2022
"394","Minamata","2022-09-15","Samuel Goldwyn Films","WP3pKTssw_E",3,2022
"395","Panama","2022-09-15","Eammon Films","Gbdm7vcPdwI",5,2022
"396","Don't Worry Darling","2022-09-22","Warner Bros.","SZ2elR3OmWI",11,2022
"397","Smile (2022)","2022-09-29","Paramount","BcDK7lkzzsU",12,2022
"398","Woman King, The","2022-10-05","Sony","3RDaPV_rJ1Y",16,2022
"399","Orphan: First Kill","2022-10-05","Paramount","_uX6of3vBu0",17,2022
"400","Halloween Ends","2022-10-13","Universal","i_mAWKyfj6c",21,2022
"401","Good House, The","2022-10-13","Roadside Attractions","xHMH3phhsOk",22,2022
"402","Black Adam","2022-10-20","Warner Bros.","X0tOpBuYasI",23,2022
"403","The Exorcism of God","2022-10-20","Eammon Films","JAMdGGDxkIQ",25,2022
"404","Lyle, Lyle, Crocodile","2022-10-27","Sony","s0W6O7mSlaU",26,2022
"405","Amsterdam","2022-10-27","20th Century Studios","GLs2xxM0e78",27,2022
"406","Prey for the Devil","2022-10-27","Lionsgate","u_jJiZ2oZgs",28,2022
"407","Enforcer, The","2022-11-03","Screen Media Films","Azn3pCtpCC4",30,2022
"408","Fall","2022-11-03","Lionsgate","iSspRSGc4Dk",31,2022
"409","Confess, Fletch","2022-11-03","Paramount","pb2Pu5EjC1s",32,2022
"410","Survive the Game","2022-11-03","Lionsgate Premiere Releasing","xT8uydi9bDQ",34,2022
"411","Black Panther: Wakanda Forever","2022-11-10","Disney","X109HCjxVIo",37,2022
"412","She Said","2022-11-17","Universal","i5pxUQecM3Y",38,2022
"413","Strange World","2022-11-24","Disney","bKh2G73gCCs",40,2022
"414","Devotion","2022-11-24","Sony","NCDEGP6VjYY",41,2022
"415","Bros","2022-11-24","Universal","BQIeBB9XMe8",42,2022
"416","Guillermo del Toro's Pinocchio","2022-11-24","Netflix","Od2NW1sfRdA",44,2022
"417","Menu, The","2022-12-01","Searchlight","C_uTkUGcHv4",45,2022
"418","Violent Night","2022-12-01","Universal","a53e4HHnx_s",46,2022
"419","Poker Face","2022-12-01","Screen Media Films","JAZV5DxV3Gw",47,2022
"420","White Noise","2022-12-08","Netflix","SgwKZAMx_gM",50,2022
"421","Avatar: The Way of Water","2022-12-15","20th Century Studios","d9MyW72ELq0",1,2022
"422","Fabelmans, The","2022-12-22","Universal","D1G2iLSzOe8",2,2022
"423","Whitney Houston: I Wanna Dance with Somebody","2022-12-22","Sony","9tfemzaMkoU",3,2022
"424","Rock Dog 3 Battle the Beat","2022-12-22","","M_1MLmo_PbA",4,2022
"425","Shotgun Wedding","2022-12-29","","qNVwRHQL8jw",8,2022
"426","Bed Rest","2022-12-29","","P1wZvRRJSvs",9,2022
"427","Wrong Place","2023-01-05","Vertical Entertainment","8vWueKwt4VM",10,2023
"428","Man Called Otto, A","2023-01-12","Sony","eFYUX9l-m5I",12,2023
"429","M3GAN","2023-01-12","Universal","BRb4U99OU80",13,2023
"430","Plane","2023-01-12","Lionsgate","M25zXBIUVr0",14,2023
"431","Babylon","2023-01-19","Paramount","5muQK7CuFtY",16,2023
"432","Terrifier 2","2023-01-19","Iconic Events","6KkONLf_ZKU",17,2023
"433","Operation Fortune: Ruse de Guerre","2023-01-26","Lionsgate","WdZ-BWWQcWQ",18,2023
"434","Maybe I Do","2023-01-26","Vertical Entertainment","Z11QkNvMZpc",19,2023
"435","Son, The","2023-01-26","Sony Pictures Classics","SJWRY4DzoAQ",20,2023
"436","Knock at the Cabin","2023-02-02","Universal","0wiBHEACNHs",24,2023
"437","Inspection, The","2023-02-02","A24","owkpFHP13R8",25,2023
"438","Hot Seat","2023-02-02","Lionsgate Premiere Releasing","twQePz-lkXE",26,2023
"439","Magic Mike's Last Dance","2023-02-09","Warner Bros.","pBIGdw-BRxw",27,2023
"440","TÁR","2023-02-09","Focus Features","Na6gA1RehsU",28,2023
"441","Ant-Man and the Wasp: Quantumania","2023-02-16","Disney","5WfTEZJnv_8",30,2023
"442","To Leslie","2023-02-16","Momentum Pictures","2XOFxJjimAk",31,2023
"443","Missing (2023)","2023-02-23","Sony","seBixtcx19E",32,2023
"444","Cocaine Bear","2023-02-23","Universal","DuWEEKeJLMI",33,2023
"445","Creed III","2023-03-02","MGM","AHmCH7iB_IM",36,2023
"446","Whale, The","2023-03-02","A24","nWiQodhMvz4",37,2023
"447","Scream VI","2023-03-09","Paramount","h74AXqw4Opc",38,2023
"448","65","2023-03-09","Sony","bHXejJq5vr0",39,2023
"449","Paws of Fury: The Legend of Hank","2023-03-09","Paramount","A_hkjvjx2ek",40,2023
"450","Women Talking","2023-03-09","United Artists Releasing","pD0mFhMqDCE",41,2023
"451","Savage Salvation","2023-03-09","Independent","67mj224y6hw",42,2023
"452","Ambush","2023-03-09","Eammon Films","bvcacc5eLUY",43,2023
"453","Shazam! Fury Of The Gods","2023-03-16","Warner Bros.","Zi88i4CpHe4",44,2023
"454","John Wick: Chapter 4","2023-03-23","Lionsgate","qEVUtrk8_B4",46,2023
"455","Till","2023-03-23","United Artists Releasing","NXd9DArUmCU",47,2023
"456","Call Jane","2023-03-23","Roadside Attractions","U-1pUnTsSQc",48,2023
"457","Dungeons & Dragons: Honor Among Thieves","2023-03-30","Paramount","IiMinixSXII",3,2023
"458","White Elephant","2023-03-30","RLJ Entertainment","5zEPU7Ekz00",4,2023
"459","Pope's Exorcist, The","2023-04-13","Sony","YJXqvnT_rsk",8,2023
"460","Air (2023)","2023-04-13","MGM","Euy4Yu6B3nU",10,2023
"461","Evil Dead Rise","2023-04-20","Warner Bros.","smTK_AeAPHs",16,2023
"462","Renfield","2023-04-27","Universal","6LmO6rmDW08",22,2023
"463","On the Line (2022)","2023-04-27","Eammon Films","0-1Yj5AlDcg",23,2023
"464","Guardians of the Galaxy Vol. 3","2023-05-04","Disney","Q47BYO7D4yw",24,2023
"465","Beau is Afraid","2023-05-04","A24","PuiWDn976Ek",25,2023
"466","Book Club: The Next Chapter","2023-05-11","Focus Features","i9k213d5FU0",26,2023
"467","Love Again","2023-05-11","Sony","CQDXtD2HJAs",27,2023
"468","Jeepers Creepers Reborn","2023-05-11","Fathom Entertainment","eNH2bRZ6gJw",28,2023
"469","Fast X","2023-05-18","Universal","VVbIrBSlBvo",30,2023
"470","Little Mermaid, The","2023-05-25","Disney","kpGo2_d3oYE",34,2023
"471","Knights of the Zodiac","2023-05-25","Sony Independent Releasing","Sko0o_KoBHY",35,2023
"472","Spider-Man: Across The Spider-Verse","2023-06-01","Sony","shW9i6k8cB0",41,2023
"473","Boogeyman, The","2023-06-01","20th Century Studios","cFqCmIU0-_M",42,2023
"474","Transformers: Rise of the Beasts","2023-06-08","Paramount","itnqEauWQZM",44,2023
"475","Marlowe","2023-06-08","Open Road/Briarcliff","brVF7t8VYuM",45,2023
"476","Flash, The","2023-06-15","Warner Bros.","hebWYacbdvc",47,2023
"477","About My Father","2023-06-15","Lionsgate","txLSE7tpgr0",48,2023
"478","The Offering","2023-06-15","Independent","hc7Q8NKjFk8",49,2023
"479","No Hard Feelings","2023-06-22","Sony","P15S6ND8kbQ",2,2023
"480","Asteroid City","2023-06-22","Focus Features","9FXCSXuGTF4",3,2023
"481","Wrath of Becky, The","2023-06-22","Amor Media","Q-RnvQACrH0",4,2023
"482","Never Rarely Sometimes Always","2023-06-23","Focus Features","7SApLTmbtvg",6,2023
"483","Indiana Jones and the Dial of Destiny","2023-06-29","Disney","HX8ROmTlds8",8,2023
"484","Ruby Gillman, Teenage Kraken","2023-06-29","Universal","iAMKwDsfUeU",9,2023
"485","Insidious: The Red Door","2023-07-06","Sony","ZuQuOnYnr3Q",14,2023
"486","Black Demon, The","2023-07-06","Variance Films","z1xJAyVKAPY",15,2023
"487","One True Loves","2023-07-06","Variance Films","87EeZG2n2po",16,2023
"488","Mission: Impossible - Dead Reckoning Part One","2023-07-12","Paramount","avz06PDqDbM",17,2023
"489","Elemental","2023-07-13","Disney","hXzcyx9V0xw",18,2023
"490","Barbie","2023-07-20","Warner Bros.","pBk4NYhWNMM",23,2023
"491","Oppenheimer","2023-07-20","Universal","uYPbbksJxIg",24,2023
"492","Haunted Mansion","2023-07-27","Disney","AjLKTz81bj8",27,2023
"493","Cobweb","2023-07-27","Lionsgate Premiere Releasing","hGY0icwlDGY",28,2023
"494","Meg 2: The Trench","2023-08-03","Warner Bros.","dG91B3hHyY4",29,2023
"495","Gran Turismo: Based on a True Story","2023-08-10","Sony","GVPzGBvPrzw",30,2023
"496","Teenage Mutant Ninja Turtles: Mutant Mayhem","2023-08-10","Paramount","IHvzw4Ibuho",31,2023
"497","Last Voyage of the Demeter, The","2023-08-10","Universal","6FgUUO9Ztd0",32,2023
"498","Blue Beetle","2023-08-17","Warner Bros.","vS3_72Gb-bI",36,2023
"499","Strays","2023-08-17","Universal","BzwOLKTbCUw",37,2023
"500","Equalizer 3, The","2023-08-31","Sony","19ikl8vy4zs",41,2023
"501","Good Person, A","2023-08-31","MGM","phRXBLwcy5I",42,2023
"502","Nun II, The","2023-09-07","Warner Bros.","QF-oyCwaArU",45,2023
"503","Retribution","2023-09-07","Roadside Attractions","jzQn0-WH4WM",46,2023
"504","After Everything (Event)","2023-09-13","Fathom Entertainment","smavD1fopZ8",49,2023
"505","Haunting in Venice, A","2023-09-14","20th Century Studios","yEddsSwweyE",50,2023
"506","Expend4bles","2023-09-21","Lionsgate","DhlaBO-SwVE",4,2023
"507","Dumb Money","2023-09-21","Sony","bmr8YmwnZ3w",5,2023
"508","Paw Patrol: The Mighty Movie","2023-09-28","Paramount","UDgjJ9XzgHk",8,2023
"509","Creator, The","2023-09-28","20th Century Studios","ex3C1-5Dhb8",9,2023
"510","Blood","2023-09-28","Vertical Entertainment","TZX6E0M47Q8",10,2023
"511","Exorcist: Believer, The","2023-10-05","Universal","PIxpPMyGcpU",11,2023
"512","To Catch a Killer","2023-10-05","Vertical Entertainment","DckI7n1_q2Q",12,2023
"513","57 Seconds","2023-10-12","Independent","L8XsJ4O1YJ0",16,2023
"514","Killers of the Flower Moon","2023-10-19","Paramount","7cx9nCHsemc",20,2023
"515","Perpetrator","2023-10-19","Independent","_KZLh-FXjKU",22,2023
"516","NYAD","2023-10-19","Netflix","3anCgVSQb3Q",23,2023
"517","Trolls Band Together","2023-10-26","Universal","qZ40Z62tcXM",24,2023
"518","Saw X","2023-10-26","Lionsgate","t3PzUo4P21c",25,2023
"519","Killer, The (2023)","2023-10-26","Netflix","5S7FR_HCg9g",28,2023
"520","Five Nights at Freddy's","2023-11-01","Universal","0VH9WCFV6XQ",29,2023
"521","Kandahar","2023-11-01","Open Road/Briarcliff","WHs6z9RPGtA",30,2023
"522","Marsh King's Daughter, The","2023-11-01","Roadside Attractions","FDnUVhLMqI0",31,2023
"523","She Came to Me","2023-11-01","Vertical Entertainment","ZCbiKiw-Azs",32,2023
"524","Marvels, The","2023-11-09","Disney","8NCsKgNcpEE",35,2023
"525","It Lives Inside","2023-11-09","Neon Rated","a5xUbuYHdi8",36,2023
"526","Hunger Games: The Ballad of Songbirds & Snakes, The","2023-11-16","Lionsgate","RDE6Uz73A7g",38,2023
"527","Freelance","2023-11-16","Emick","BrqWlOzm2Iw",39,2023
"528","Master Gardener","2023-11-16","Magnolia Pictures","ZzD5Rx-yhO8",40,2023
"529","Wish","2023-11-23","Disney","ctlz0R1tSZE",41,2023
"530","Napoleon","2023-11-23","Sony","OAZWXUkrjPc",42,2023
"531","Thanksgiving","2023-11-30","Sony","KbU50SdL8zA",43,2023
"532","May December","2023-11-30","Netflix","_2wg45bRRF8",44,2023
"533","Wonka","2023-12-07","Warner Bros.","otNh9bTjXWg",50,2023
"534","Hypnotic","2023-12-07","Emick","N-qn4h-amyY",1,2023
"535","Maestro","2023-12-07","Netflix","gJP2QblqLA0",4,2023
"536","Silent Night","2023-12-14","Lionsgate","yBnTqn0lBDA",6,2023
"537","All Fun and Games","2023-12-14","Vertical Entertainment","dI7n7So6sVA",7,2023
"538","Fool's Paradise","2023-12-14","Roadside Attractions","RaYKG5FMhNc",8,2023
"539","Aquaman and the Lost Kingdom","2023-12-21","Warner Bros.","UGc5Tzz19UY",9,2023
"540","Sound of Freedom","2023-12-21","Angel Studios","Rt0kp4VW1cI",10,2023
"541","It's a Wonderful Knife","2023-12-21","IFC Films","qs4EOJKfFeE",11,2023
"542","Anyone But You","2023-12-28","Sony","ESEc6W2h9_k",13,2023
"543","Next Goal Wins","2023-12-28","Searchlight","pRH5u5lpArQ",14,2023
"544","Ferrari","2024-01-04","Neon Rated","KZHxT2yb2cE",16,2024
"545","Night Swim","2024-01-04","Universal","pcSNqteCEtE",17,2024
"546","Mean Girls","2024-01-11","Paramount","fFtdbEgnUOk",20,2024
"547","Beekeeper, The","2024-01-18","Amazon MGM Studios","SzINZZ6iqxY",21,2024
"548","White Bird","2024-01-18","Lionsgate","aTTPea6gHh4",22,2024
"549","Poor Things","2024-01-25","Searchlight","_klfx5sGzFk",23,2024
"550","Beautiful Wedding","2024-01-25","Fathom Entertainment","xO1FZJQmiAo",24,2024
"551","Kill Room, The","2024-01-25","Blue Fox Entertainment","ORdhNaXSrGA",25,2024
"552","Retirement Plan, The","2024-01-25","Falling Forward Films","i2Xc4qq-5Ww",26,2024
"553","On Fire","2024-01-25","Cinedigm Entertainment","MyOjzLEnxk8",27,2024
"554","Argylle","2024-02-01","Universal","7mgu9mNZ8Hk",29,2024
"555","Supercell","2024-02-01","Independent","-22ISMHPK4A",30,2024
"556","Past Lives","2024-02-08","A24","kA244xewjcI",32,2024
"557","Color Purple, The","2024-02-08","Warner Bros.","wPwzBUui1GA",33,2024
"558","Consecration","2024-02-08","IFC Films","HRjG65M6L2c",34,2024
"559","Bob Marley: One Love","2024-02-14","Paramount","ajw425Kuvtw",35,2024
"560","Madame Web","2024-02-14","Sony","s_76M4c4LTo",36,2024
"561","Holdovers, The","2024-02-14","Focus Features","AhKLpJmHhIg",37,2024
"562","Iron Claw, The","2024-02-22","A24","8KVsaoveTbw",39,2024
"563","Dune: Part Two","2024-02-29","Warner Bros.","Way9Dexny3w",41,2024
"564","Imaginary","2024-03-07","Lionsgate","8XoNfrgrAGM",42,2024
"565","Priscilla","2024-03-07","A24","DBWk6BohVXk",43,2024
"566","No Way Up","2024-03-07","IFC Films","PSEoAaSswgo",44,2024
"567","Kung Fu Panda 4","2024-03-14","Universal","_inKs4eeHiI",45,2024
"568","Ghostbusters: Frozen Empire","2024-03-21","Sony","HpOBXh02rVc",47,2024
"569","Arthur the King","2024-03-21","Lionsgate","wjDJNEPghNY",48,2024
"570","Bricklayer, The","2024-03-21","Vertical Entertainment","ayPesvG86gE",49,2024
"571","Godzilla x Kong: The New Empire","2024-03-28","Warner Bros.","lV1OOlGwExM",4,2024
"572","Immaculate","2024-03-28","Neon Rated","ewxS9Z-XXYo",5,2024
"573","Ordinary Angels","2024-03-28","Lionsgate","R1vn8kPgCYA",6,2024
"574","First Omen, The","2024-04-04","20th Century Studios","lmN1Op8ygno",11,2024
"575","Monkey Man","2024-04-04","Universal","g8zxiB5Qhsc",12,2024
"576","Miller's Girl","2024-04-04","Lionsgate Premiere Releasing","vk2OJZHutBM",13,2024
"577","Sleeping Dogs","2024-04-11","Variance Films","9AFIutyHvKs",14,2024
"578","Civil War","2024-04-18","A24","aDyQxtg0V2w",16,2024
"579","Cabrini","2024-04-18","Angel Studios","02S9IcBPefw",17,2024
"580","Inventor, The","2024-04-18","Blue Fox Entertainment","Ez1NHnJrk2Y",18,2024
"581","Sympathy for the Devil","2024-04-18","IFC Films","ap8IKdWWHWw",19,2024
"582","Challengers","2024-04-25","Amazon MGM Studios","VobTTbg-te0",23,2024
"583","Fall Guy, The","2024-05-01","Universal","j7jPnwVGdZ8",27,2024
"584","Tarot","2024-05-01","Sony","bvDArsKoTOE",28,2024
"585","Mothers' Instinct","2024-05-01","Neon Rated","4ltU9ooQ8x0",29,2024
"586","Soft & Quiet","2024-05-01","Momentum Pictures","9caXYrlADa0",30,2024
"587","Kingdom of the Planet of the Apes","2024-05-09","20th Century Studios","XtFI7SNtVpY",33,2024
"588","Abigail","2024-05-09","Universal","3PsP8MFH8p0",34,2024
"589","IF (2024)","2024-05-16","Paramount","mb2187ZQtBE",36,2024
"590","Strangers: Chapter 1, The","2024-05-16","Lionsgate","3pZUQmZdOi4",37,2024
"591","Arcadian","2024-05-16","IFC Films","HNARuSROxbM",38,2024
"592","Garfield Movie, The","2024-05-23","Sony","IeFWNtMo1Fs",40,2024
"593","Furiosa: A Mad Max Saga","2024-05-23","Warner Bros.","XJMuhwVlca4",41,2024
"594","Haunting of the Queen Mary","2024-05-23","Vertical Entertainment","JJg9K716auA",42,2024
"595","Hit Man","2024-05-30","Netflix","0g4cJ4NE8HA",45,2024
"596","Origin","2024-05-30","Neon Rated","ytUyrTQJp8M",46,2024
"597","Bad Boys: Ride or Die","2024-06-06","Sony","hRFY_Fesa9Q",48,2024
"598","Watchers, The","2024-06-06","Warner Bros.","dYo91Fq9tKY",49,2024
"599","Exorcism, The","2024-06-13","Emick","wCe2QqMNexM",50,2024
"600","Dream Scenario","2024-06-13","A24","q3x9iUL-74w",1,2024
"601","Bikeriders, The","2024-06-20","Focus Features","BrSaVt5pvPk",5,2024
"602","GHOST: RITE HERE RITE NOW","2024-06-20","Trafalgar Releasing","GJVgZX-vQUc",6,2024
"603","Despicable Me 4","2024-06-27","Universal","qQlr9-rF32A",7,2024
"604","Quiet Place: Day One, A","2024-06-27","Paramount","YPY7J-flzE8",8,2024
"605","Sweet East, The","2024-06-27","Utopia Media","hJgNw9deqtc",9,2024
"606","Horizon: An American Saga Chapter 1","2024-07-04","Warner Bros.","YYsReoZMj1k",11,2024
"607","Inside Out 2","2024-07-11","Disney","LEjhY15eCx0",14,2024
"608","Fly Me to the Moon","2024-07-11","Sony","lW7enw6mFxs",15,2024
"609","Freud's Last Session","2024-07-11","Sony Pictures Classics","hPJM9lEMyV4",16,2024
"610","Twisters","2024-07-18","Universal","wdok0rZdmx4",20,2024
"611","Chief of Station","2024-07-18","Vertical Entertainment","Krsu0mazuZ4",21,2024
"612","Memory","2024-07-18","Emick","A3sOCO8mhS8",22,2024
"613","Deadpool & Wolverine","2024-07-25","Disney","9wV42pvAbAk",26,2024
"614","Longlegs","2024-07-25","Neon Rated","OG7wOTE8NhE",27,2024
"615","Trap","2024-08-01","Warner Bros.","hJiPAJKjUVg",29,2024
"616","Knox Goes Away","2024-08-01","Eammon Films","bZ8SeYVnc9A",30,2024
"617","It Ends with Us","2024-08-08","Sony","DLET_u31M4M",31,2024
"618","Borderlands","2024-08-08","Lionsgate","lU_NKNZljoQ",32,2024
"619","Alien: Romulus","2024-08-15","20th Century Studios","OzY2r2JXsDM",35,2024
"620","Harold and the Purple Crayon","2024-08-15","Sony","WojIv-PVYm8",36,2024
"621","Blink Twice","2024-08-22","Amazon MGM Studios","aMcmfonGWY4",41,2024
"622","Crow, The","2024-08-22","Lionsgate","djSKp_pwmOA",42,2024
"623","In the Land of Saints and Sinners","2024-08-22","Variance Films","lWwhYRxhngc",43,2024
"624","Hellboy: The Crooked Man","2024-08-29","","6UEO6QTbvKc",45,2024
"625","Longing","2024-08-29","Independent","cx0wrMWZd4g",46,2024
"626","Deliver Us","2024-08-29","Magnolia Pictures","hlEo8c68cQ0",47,2024
"627","Don't Turn Out the Lights","2024-08-29","","6RMxIBMppwY",48,2024
"628","Play Dead","2024-08-29","Vertical Entertainment","72KaDGRKwYY",49,2024
"629","Beetlejuice Beetlejuice","2024-09-05","Warner Bros.","CoZqL9N6Rx4",50,2024
"630","Land of Bad","2024-09-05","Variance Films","yTFazxfrXVw",1,2024
"631","Daddio","2024-09-05","Sony Pictures Classics","PJrr2amlFyc",2,2024
"632","Speak No Evil","2024-09-12","Universal","FjzxI6uf8H8",7,2024
"633","Fast Charlie","2024-09-12","Vertical Entertainment","_lAdLC8JPXk",8,2024
"634","Reality","2024-09-12","","plIUJ-LF7JU",9,2024
"635","Transformers One","2024-09-19","Paramount","u2NuUWuwPCM",14,2024
"636","Never Let Go","2024-09-19","Lionsgate","ZDfRp_ukHDU",15,2024
"637","Lee","2024-09-26","Roadside Attractions","DmFYkiUAAA8",18,2024
"638","Rob Peace","2024-09-26","Emick","bugi-UdtjzI",19,2024
"639","Joker: Folie à Deux","2024-10-03","Warner Bros.","_OKAwz2MsJs",20,2024
"640","Wild Robot, The","2024-10-10","Universal","67vbA5ZJdKQ",23,2024
"641","Reagan","2024-10-10","Showbiz Direct Distribution","7IcAsIvzSaM",24,2024
"642","In a Violent Nature","2024-10-10","IFC Films","WyXuRmXbS7U",25,2024
"643","Smile 2","2024-10-17","Paramount","0HY6QFlBzUY",31,2024
"644","Megalopolis","2024-10-17","Lionsgate","pq6mvHZU0fc",32,2024
"645","Venom: The Last Dance","2024-10-24","Sony","__2bjWbetsA",35,2024
"646","Goodrich","2024-10-24","Falling Forward Films","7OlyW0AqDQo",36,2024
"647","Anora","2024-10-31","Neon Rated","yWtzcjoUx7c",37,2024
"648","Red One","2024-11-07","Amazon MGM Studios","U8XH3W0cMss",40,2024
"649","Conclave","2024-11-07","Focus Features","JX9jasdi3ic",41,2024
"650","Terrifier 3","2024-11-07","Iconic Events","zaPcin5knJk",42,2024
"651","Here After","2024-11-07","Independent","ukhI37_Z9XA",43,2024
"652","Gladiator II","2024-11-14","Paramount","4rgYUipGJNo",44,2024
"653","Heretic","2024-11-21","A24","O9i2vmFhSSY",45,2024
"654","Elevation","2024-11-21","Emick","ZivlF_UYkN0",46,2024
